<?xml version="1.0" encoding="UTF-8" standalone="yes"?>
<Books>
    <Book>
        <title>The Habit</title>
        <isbnNumber>11111</isbnNumber>
        <Author credentials="(empty)" shortbio="Very Good">
            <address>
                <city>FairField</city>
                <state>Iowa</state>
                <street>123 FairField</street>
                <zip>52777</zip>
            </address>
            <firstName>Rooney</firstName>
            <lastName>Wayne</lastName>
            <phoneNumber>+ 123 456 789</phoneNumber>
        </Author>
        <BookCopy availability="false" borrowAbleDate="7" idCopyNumber="1001"/>
    </Book>
    <Book>
        <title>Fahrenheit</title>
        <isbnNumber>22222</isbnNumber>
        <Author credentials="(empty)" shortbio="Very Good">
            <address>
                <city>FairField</city>
                <state>Kentucky</state>
                <street>123 FairField</street>
                <zip>51233</zip>
            </address>
            <firstName>Benzema</firstName>
            <lastName>Karim</lastName>
            <phoneNumber>+1 838 8383 838</phoneNumber>
        </Author>
        <BookCopy availability="true" borrowAbleDate="7" idCopyNumber="1004"/>
        <BookCopy availability="true" borrowAbleDate="7" idCopyNumber="1003"/>
        <BookCopy availability="false" borrowAbleDate="7" idCopyNumber="1002"/>
        <BookCopy availability="true" borrowAbleDate="7" idCopyNumber="1005"/>
    </Book>
    <Book>
        <title>The Ocean At The End</title>
        <isbnNumber>33333</isbnNumber>
        <Author credentials="(empty)" shortbio="Very Good">
            <address>
                <city>Quang Trung</city>
                <state>Louisiana</state>
                <street>123 Quang Ngai</street>
                <zip>53773</zip>
            </address>
            <firstName>Ramos</firstName>
            <lastName>Segio</lastName>
            <phoneNumber>+1 377 377 373</phoneNumber>
        </Author>
        <BookCopy availability="true" borrowAbleDate="21" idCopyNumber="1008"/>
        <BookCopy availability="true" borrowAbleDate="21" idCopyNumber="1011"/>
        <BookCopy availability="true" borrowAbleDate="21" idCopyNumber="1006"/>
        <BookCopy availability="true" borrowAbleDate="21" idCopyNumber="1010"/>
        <BookCopy availability="true" borrowAbleDate="21" idCopyNumber="1007"/>
        <BookCopy availability="true" borrowAbleDate="21" idCopyNumber="1009"/>
        <BookCopy availability="true" borrowAbleDate="21" idCopyNumber="1012"/>
    </Book>
    <Book>
        <title>The Fault in our stars</title>
        <isbnNumber>44444</isbnNumber>
        <Author credentials="(empty)" shortbio="Very Good">
            <address>
                <city>Ha Noi</city>
                <state>Montana</state>
                <street>123 Ha Noi</street>
                <zip>53773</zip>
            </address>
            <firstName>Nhat Anh</firstName>
            <lastName>Nguyen</lastName>
            <phoneNumber>+84 123838838</phoneNumber>
        </Author>
        <BookCopy availability="true" borrowAbleDate="10" idCopyNumber="1014"/>
        <BookCopy availability="true" borrowAbleDate="10" idCopyNumber="1013"/>
        <BookCopy availability="true" borrowAbleDate="10" idCopyNumber="1015"/>
    </Book>
    <Book>
        <title>Quiet Influence</title>
        <isbnNumber>55555</isbnNumber>
        <Author credentials="(empty)" shortbio="Very Good">
            <address>
                <city>FairField</city>
                <state>North Dakota</state>
                <street>123</street>
                <zip>52777</zip>
            </address>
            <firstName>Con</firstName>
            <lastName>Ga Vang</lastName>
            <phoneNumber>+1 737 737 7373</phoneNumber>
        </Author>
        <BookCopy availability="true" borrowAbleDate="10" idCopyNumber="1019"/>
        <BookCopy availability="true" borrowAbleDate="10" idCopyNumber="1018"/>
        <BookCopy availability="true" borrowAbleDate="10" idCopyNumber="1017"/>
        <BookCopy availability="true" borrowAbleDate="10" idCopyNumber="1016"/>
    </Book>
    <Book>
        <title>The Four Agreements</title>
        <isbnNumber>66666</isbnNumber>
        <Author credentials="(empty)" shortbio="Very Good">
            <address>
                <city>FairField</city>
                <state>Oklahoma</state>
                <street>123 Quang Ngai</street>
                <zip>52777</zip>
            </address>
            <firstName>Aguero</firstName>
            <lastName>Sergio</lastName>
            <phoneNumber>+1 838 388 383</phoneNumber>
        </Author>
        <BookCopy availability="true" borrowAbleDate="3" idCopyNumber="1020"/>
    </Book>
</Books>
